{"pitch": [-1.1591013030877875, 4.576278006363844, 197.91571119320457, 108.80154127344882], "energy": [-1.4334335327148438, 4.567606449127197, 48.521970387594834, 33.841681060134306]}