{"pitch": [-5.370600666492124, 9.991580028078355, 279.09135378671937, 51.96650637758391], "energy": [-1.3158249855041504, 9.576584815979004, 17.46361725132135, 13.271990456196871]}