{"pitch": [-2.6075668566875505, 8.290690139749385, 184.04567492857967, 70.58138296878683], "energy": [-1.3283547163009644, 4.6048197746276855, 21.060578349252026, 15.854635517906223]}