{"pitch": [-2.6229203478957257, 7.118880259633742, 189.4658752113145, 72.23470410121914], "energy": [-1.3451000452041626, 4.616840839385986, 21.22191065542483, 15.777198591412619]}