{"pitch": [-14.826981015461653, 20.53183622063274, 202.0493204072869, 13.627138268848446], "energy": [-1.6365221738815308, 6.485080242156982, 30.606551079300345, 18.70219063829753]}