{"pitch": [-14.85190276519764, 18.72462562488669, 201.60191329136524, 13.574147129738662], "energy": [-1.6461262702941895, 6.743523120880127, 30.303717626694045, 18.409108289997942]}