{"pitch": [-10.205284804404094, 18.681427445359414, 132.80924829734454, 13.013771868476484], "energy": [-1.2050912380218506, 7.046544551849365, 19.296486829744047, 16.01246821095323]}