{"pitch": [-2.1810270740080777, 34.84302943862295, 99.02643348467774, 18.465185149887976], "energy": [-1.534934163093567, 11.265177726745605, 19.21367653810966, 12.276653281586954]}