{"pitch": [-8.015271636829507, 25.71033066285073, 121.3485723552927, 15.1396706005204], "energy": [-1.1304435729980469, 9.133509635925293, 19.561065120021933, 17.303884900383842]}