{"pitch": [-7.530735452769033, 8.77539794857788, 226.3482633034043, 30.056594700877007], "energy": [-1.7447185516357422, 5.673740386962891, 44.63731688239198, 25.584250833754755]}