{"pitch": [-7.857423039301247, 34.966100410954745, 97.07804263210704, 12.354946672279477], "energy": [-1.6004509925842285, 3.583470582962036, 51.87396934712953, 32.4120932863197]}