{"pitch": [-4.437439749842537, 11.020935408309903, 208.27060872871326, 46.93485894340397], "energy": [-1.447613000869751, 16.889623641967773, 21.46429189079458, 14.82736940214604]}