{"pitch": [-4.260458746599862, 17.807023693153365, 136.51928162291225, 32.04332907386182], "energy": [-1.2936309576034546, 10.97274112701416, 34.9604840937619, 27.025083098260218]}